,Distribute,Modify,Commercial Use,Hold Liable,Include Copyright,Include License,Sublicense,Use Trademark,Private Use,Disclose Source,State Changes,Place Warranty,Include Notice,Include Original,Give Credit,Use Patent Claims,Rename,Relicense,Contact Author,Include Install Instructions,Compensate for Damages,Statically Link,Pay Above Use Threshold
Apache License 2.0___Apache-2.0,can,can,can,cannot,must,must,can,cannot,can,NOmentioned,must,can,must,NOmentioned,NOmentioned,can,NOmentioned,NOmentioned,NOmentioned,NOmentioned,NOmentioned,NOmentioned,NOmentioned
MIT License___MIT-license,can,can,can,cannot,must,must,can,NOmentioned,can,NOmentioned,NOmentioned,NOmentioned,NOmentioned,NOmentioned,NOmentioned,NOmentioned,NOmentioned,NOmentioned,NOmentioned,NOmentioned,NOmentioned,NOmentioned,NOmentioned
Microsoft Public License (MS-PL),can,can,can,cannot,must,must,can,cannot,NOmentioned,NOmentioned,NOmentioned,NOmentioned,NOmentioned,NOmentioned,NOmentioned,NOmentioned,NOmentioned,NOmentioned,NOmentioned,NOmentioned,NOmentioned,NOmentioned,NOmentioned
GNU General Public License v2.0 only___GPL-2.0-only,can,can,can,cannot,must,must,cannot,NOmentioned,NOmentioned,must,must,can,NOmentioned,must,NOmentioned,NOmentioned,NOmentioned,NOmentioned,NOmentioned,NOmentioned,NOmentioned,NOmentioned,NOmentioned
GNU General Public License v3.0 only___GPL-3.0-only,can,can,can,cannot,must,must,cannot,NOmentioned,NOmentioned,must,must,can,NOmentioned,must,NOmentioned,can,NOmentioned,NOmentioned,NOmentioned,must,NOmentioned,NOmentioned,NOmentioned
Mozilla Public License 2.0___(MPL-2.0),can,can,can,cannot,must,must,can,cannot,NOmentioned,must,NOmentioned,can,NOmentioned,must,NOmentioned,can,NOmentioned,NOmentioned,NOmentioned,NOmentioned,NOmentioned,NOmentioned,NOmentioned
GNU Lesser General Public License v2.1 only___LGPL-2.1-only,can,can,can,cannot,must,must,cannot,NOmentioned,NOmentioned,must,must,NOmentioned,must,must,NOmentioned,NOmentioned,NOmentioned,NOmentioned,NOmentioned,NOmentioned,NOmentioned,NOmentioned,NOmentioned
BSD-2-Clause,can,can,can,cannot,must,must,NOmentioned,NOmentioned,NOmentioned,NOmentioned,NOmentioned,can,NOmentioned,NOmentioned,NOmentioned,NOmentioned,NOmentioned,NOmentioned,NOmentioned,NOmentioned,NOmentioned,NOmentioned,NOmentioned
BSD-3-Clause,can,can,can,cannot,must,must,NOmentioned,cannot,NOmentioned,NOmentioned,NOmentioned,can,NOmentioned,NOmentioned,NOmentioned,NOmentioned,NOmentioned,NOmentioned,NOmentioned,NOmentioned,NOmentioned,NOmentioned,NOmentioned
zlib License___Zlib-license,can,can,can,cannot,must,NOmentioned,NOmentioned,NOmentioned,NOmentioned,NOmentioned,NOmentioned,NOmentioned,NOmentioned,NOmentioned,NOmentioned,NOmentioned,must,NOmentioned,NOmentioned,NOmentioned,NOmentioned,NOmentioned,NOmentioned
Common Development and Distribution License (CDDL-1.0),can,can,can,cannot,must,must,can,cannot,NOmentioned,must,NOmentioned,can,NOmentioned,NOmentioned,NOmentioned,can,NOmentioned,NOmentioned,NOmentioned,NOmentioned,NOmentioned,NOmentioned,NOmentioned
Beer Recipe License (BRL),can,can,can,cannot,must,must,can,NOmentioned,can,NOmentioned,NOmentioned,NOmentioned,NOmentioned,must,NOmentioned,NOmentioned,NOmentioned,NOmentioned,NOmentioned,NOmentioned,NOmentioned,NOmentioned,NOmentioned
psfrag License___psfrag-license,can,can,can,cannot,NOmentioned,NOmentioned,NOmentioned,NOmentioned,can,NOmentioned,NOmentioned,NOmentioned,must,NOmentioned,NOmentioned,NOmentioned,NOmentioned,NOmentioned,NOmentioned,NOmentioned,NOmentioned,NOmentioned,NOmentioned
Creative Commons Attribution 3.0 Unported (CC-BY),can,can,can,cannot,must,NOmentioned,cannot,NOmentioned,NOmentioned,NOmentioned,NOmentioned,cannot,NOmentioned,NOmentioned,NOmentioned,NOmentioned,NOmentioned,NOmentioned,NOmentioned,NOmentioned,NOmentioned,NOmentioned,NOmentioned
Creative Commons Attribution NoDerivs (CC-ND),can,cannot,can,cannot,must,NOmentioned,cannot,NOmentioned,NOmentioned,NOmentioned,NOmentioned,cannot,NOmentioned,NOmentioned,NOmentioned,NOmentioned,NOmentioned,NOmentioned,NOmentioned,NOmentioned,NOmentioned,NOmentioned,NOmentioned
Creative Commons Attribution NonCommercial___CC-BY-NC-4.0,can,can,cannot,cannot,must,NOmentioned,cannot,NOmentioned,NOmentioned,NOmentioned,must,cannot,NOmentioned,NOmentioned,must,NOmentioned,NOmentioned,NOmentioned,NOmentioned,NOmentioned,NOmentioned,NOmentioned,NOmentioned
Creative Commons Attribution Share Alike (CC-SA),can,can,can,cannot,must,NOmentioned,cannot,NOmentioned,NOmentioned,NOmentioned,NOmentioned,cannot,NOmentioned,NOmentioned,NOmentioned,NOmentioned,NOmentioned,NOmentioned,NOmentioned,NOmentioned,NOmentioned,NOmentioned,NOmentioned
Creative Commons Attribution NonCommercial ShareAlike (CC-NC-SA),can,can,cannot,cannot,must,NOmentioned,cannot,NOmentioned,NOmentioned,NOmentioned,NOmentioned,cannot,NOmentioned,NOmentioned,NOmentioned,NOmentioned,NOmentioned,NOmentioned,NOmentioned,NOmentioned,NOmentioned,NOmentioned,NOmentioned
Creative Commons Attribution NonCommercial NoDerivs (CC-NC-ND),can,cannot,cannot,cannot,must,NOmentioned,cannot,NOmentioned,NOmentioned,NOmentioned,NOmentioned,cannot,NOmentioned,NOmentioned,NOmentioned,NOmentioned,NOmentioned,NOmentioned,NOmentioned,NOmentioned,NOmentioned,NOmentioned,NOmentioned
Academic Free License (AFL),can,can,can,cannot,must,NOmentioned,can,cannot,NOmentioned,must,NOmentioned,NOmentioned,NOmentioned,must,NOmentioned,NOmentioned,NOmentioned,NOmentioned,NOmentioned,NOmentioned,NOmentioned,NOmentioned,NOmentioned
Artistic License 2.0 (Artistic-2.0),can,can,can,cannot,NOmentioned,NOmentioned,can,cannot,can,NOmentioned,must,NOmentioned,NOmentioned,must,NOmentioned,NOmentioned,must,NOmentioned,NOmentioned,must,NOmentioned,NOmentioned,NOmentioned
PHP License 3.0,can,can,can,cannot,must,must,can,cannot,NOmentioned,NOmentioned,NOmentioned,NOmentioned,NOmentioned,NOmentioned,NOmentioned,NOmentioned,NOmentioned,NOmentioned,NOmentioned,NOmentioned,NOmentioned,NOmentioned,NOmentioned
Simple Public License 2.0,can,can,can,can,NOmentioned,must,cannot,NOmentioned,NOmentioned,must,must,NOmentioned,NOmentioned,NOmentioned,NOmentioned,NOmentioned,NOmentioned,NOmentioned,NOmentioned,NOmentioned,NOmentioned,NOmentioned,NOmentioned
Eclipse Public License 1.0 (EPL-1.0),can,can,can,cannot,must,must,can,cannot,can,must,NOmentioned,NOmentioned,NOmentioned,must,NOmentioned,can,NOmentioned,NOmentioned,NOmentioned,must,must,NOmentioned,NOmentioned
IPA Font,can,can,can,cannot,NOmentioned,must,NOmentioned,cannot,NOmentioned,NOmentioned,NOmentioned,NOmentioned,NOmentioned,must,NOmentioned,NOmentioned,NOmentioned,NOmentioned,NOmentioned,NOmentioned,NOmentioned,NOmentioned,NOmentioned
IBM Public License,can,can,can,cannot,NOmentioned,must,can,cannot,NOmentioned,must,NOmentioned,NOmentioned,NOmentioned,NOmentioned,NOmentioned,NOmentioned,NOmentioned,NOmentioned,NOmentioned,NOmentioned,NOmentioned,NOmentioned,NOmentioned
Apple Public Source License (APSL),can,can,can,cannot,must,must,can,cannot,NOmentioned,must,must,can,NOmentioned,NOmentioned,NOmentioned,NOmentioned,NOmentioned,NOmentioned,NOmentioned,NOmentioned,NOmentioned,NOmentioned,NOmentioned
University of Illinois - NCSA Open Source (NCSA),can,can,can,cannot,NOmentioned,must,NOmentioned,cannot,NOmentioned,NOmentioned,NOmentioned,NOmentioned,NOmentioned,NOmentioned,NOmentioned,NOmentioned,NOmentioned,NOmentioned,NOmentioned,NOmentioned,NOmentioned,NOmentioned,NOmentioned
Do What The Fuck You Want To Public License___WTFPL-license,can,can,can,NOmentioned,can,can,can,NOmentioned,can,NOmentioned,NOmentioned,NOmentioned,NOmentioned,can,NOmentioned,NOmentioned,NOmentioned,NOmentioned,NOmentioned,NOmentioned,NOmentioned,NOmentioned,NOmentioned
Boost Software License 1.0 (BSL-1.0),can,can,can,cannot,must,must,NOmentioned,NOmentioned,NOmentioned,NOmentioned,NOmentioned,NOmentioned,NOmentioned,NOmentioned,NOmentioned,NOmentioned,NOmentioned,NOmentioned,NOmentioned,NOmentioned,NOmentioned,NOmentioned,NOmentioned
ISC License___ISC-license,can,can,can,cannot,must,must,NOmentioned,NOmentioned,NOmentioned,NOmentioned,NOmentioned,NOmentioned,NOmentioned,NOmentioned,NOmentioned,NOmentioned,NOmentioned,NOmentioned,NOmentioned,NOmentioned,NOmentioned,NOmentioned,NOmentioned
Beerware License___Beerware-license,can,can,can,NOmentioned,must,can,can,NOmentioned,NOmentioned,NOmentioned,NOmentioned,can,NOmentioned,NOmentioned,NOmentioned,NOmentioned,can,NOmentioned,NOmentioned,NOmentioned,NOmentioned,can,NOmentioned
Microsoft Reciprocal License (Ms-RL),can,can,can,cannot,must,must,can,cannot,NOmentioned,must,NOmentioned,NOmentioned,NOmentioned,NOmentioned,NOmentioned,NOmentioned,NOmentioned,NOmentioned,NOmentioned,NOmentioned,NOmentioned,NOmentioned,NOmentioned
Python Software Foundation License 2.0___PSF-2.0,can,can,can,cannot,must,must,NOmentioned,cannot,NOmentioned,NOmentioned,must,NOmentioned,NOmentioned,NOmentioned,NOmentioned,NOmentioned,NOmentioned,NOmentioned,NOmentioned,NOmentioned,NOmentioned,NOmentioned,NOmentioned
GNU Affero General Public License v3.0 only___AGPL-3.0-only,can,can,can,cannot,must,must,cannot,NOmentioned,NOmentioned,must,must,can,NOmentioned,NOmentioned,NOmentioned,NOmentioned,NOmentioned,NOmentioned,NOmentioned,must,NOmentioned,NOmentioned,NOmentioned
SIL Open Font License v1.1 (OFL-1.1),can,can,can,NOmentioned,NOmentioned,must,cannot,cannot,NOmentioned,NOmentioned,NOmentioned,NOmentioned,NOmentioned,NOmentioned,NOmentioned,NOmentioned,must,NOmentioned,NOmentioned,NOmentioned,NOmentioned,NOmentioned,NOmentioned
TÃ³ca Operating System General (TOSG-2.00),can,can,can,cannot,NOmentioned,NOmentioned,cannot,NOmentioned,NOmentioned,must,must,cannot,NOmentioned,NOmentioned,NOmentioned,NOmentioned,NOmentioned,NOmentioned,NOmentioned,NOmentioned,NOmentioned,must,NOmentioned
The Code Project Open License (CPOL),can,can,can,cannot,NOmentioned,NOmentioned,cannot,NOmentioned,NOmentioned,NOmentioned,must,NOmentioned,NOmentioned,cannot,NOmentioned,NOmentioned,NOmentioned,cannot,NOmentioned,NOmentioned,NOmentioned,NOmentioned,NOmentioned
ODC Open Database License (ODbL),can,can,can,cannot,NOmentioned,must,cannot,NOmentioned,can,NOmentioned,NOmentioned,NOmentioned,NOmentioned,must,NOmentioned,NOmentioned,NOmentioned,NOmentioned,NOmentioned,NOmentioned,NOmentioned,NOmentioned,NOmentioned
DON'T BE A DICK PUBLIC LICENSE,can,can,can,NOmentioned,can,NOmentioned,NOmentioned,NOmentioned,NOmentioned,NOmentioned,NOmentioned,can,NOmentioned,can,NOmentioned,NOmentioned,NOmentioned,NOmentioned,NOmentioned,NOmentioned,NOmentioned,NOmentioned,NOmentioned
X11 License,can,can,can,cannot,must,must,can,cannot,can,NOmentioned,NOmentioned,NOmentioned,NOmentioned,NOmentioned,NOmentioned,NOmentioned,NOmentioned,NOmentioned,NOmentioned,NOmentioned,NOmentioned,NOmentioned,NOmentioned
JSON License,can,can,can,cannot,must,must,can,NOmentioned,can,NOmentioned,NOmentioned,NOmentioned,NOmentioned,NOmentioned,NOmentioned,NOmentioned,NOmentioned,NOmentioned,NOmentioned,NOmentioned,NOmentioned,NOmentioned,NOmentioned
Lisp Lesser General Public License (LLGPL),can,can,can,cannot,NOmentioned,NOmentioned,can,NOmentioned,NOmentioned,NOmentioned,NOmentioned,NOmentioned,NOmentioned,must,NOmentioned,NOmentioned,NOmentioned,NOmentioned,NOmentioned,NOmentioned,NOmentioned,NOmentioned,NOmentioned
Common Public Attribution License (CPAL-1.0),can,can,can,cannot,must,must,can,cannot,NOmentioned,must,must,can,must,NOmentioned,NOmentioned,can,NOmentioned,NOmentioned,NOmentioned,NOmentioned,NOmentioned,NOmentioned,NOmentioned
Aladdin Free Public License,can,can,cannot,cannot,NOmentioned,must,cannot,NOmentioned,NOmentioned,NOmentioned,must,cannot,NOmentioned,must,NOmentioned,NOmentioned,NOmentioned,NOmentioned,NOmentioned,NOmentioned,NOmentioned,NOmentioned,NOmentioned
Clarified Artistic License,can,can,can,cannot,must,NOmentioned,NOmentioned,NOmentioned,NOmentioned,must,must,NOmentioned,NOmentioned,NOmentioned,NOmentioned,NOmentioned,NOmentioned,NOmentioned,NOmentioned,NOmentioned,NOmentioned,NOmentioned,NOmentioned
Frameworx Open License (Frameworx-1.0),can,can,can,cannot,NOmentioned,must,NOmentioned,NOmentioned,NOmentioned,must,NOmentioned,NOmentioned,must,NOmentioned,NOmentioned,NOmentioned,NOmentioned,NOmentioned,NOmentioned,NOmentioned,NOmentioned,NOmentioned,NOmentioned
Freetype Project License (FTL),can,can,can,cannot,must,must,can,NOmentioned,NOmentioned,NOmentioned,NOmentioned,NOmentioned,NOmentioned,NOmentioned,NOmentioned,NOmentioned,NOmentioned,NOmentioned,NOmentioned,NOmentioned,NOmentioned,NOmentioned,NOmentioned
JZLib,can,can,NOmentioned,NOmentioned,must,must,NOmentioned,cannot,NOmentioned,NOmentioned,NOmentioned,NOmentioned,NOmentioned,NOmentioned,NOmentioned,NOmentioned,NOmentioned,NOmentioned,NOmentioned,NOmentioned,NOmentioned,NOmentioned,NOmentioned
Noweb,can,can,can,NOmentioned,must,NOmentioned,NOmentioned,NOmentioned,can,must,NOmentioned,NOmentioned,NOmentioned,NOmentioned,NOmentioned,NOmentioned,can,NOmentioned,must,NOmentioned,NOmentioned,NOmentioned,NOmentioned
Qhull,can,can,NOmentioned,cannot,must,NOmentioned,NOmentioned,NOmentioned,NOmentioned,must,must,can,must,NOmentioned,NOmentioned,NOmentioned,NOmentioned,NOmentioned,NOmentioned,NOmentioned,NOmentioned,NOmentioned,NOmentioned
Rdisc,can,can,can,cannot,NOmentioned,NOmentioned,NOmentioned,NOmentioned,can,NOmentioned,NOmentioned,NOmentioned,NOmentioned,NOmentioned,NOmentioned,NOmentioned,NOmentioned,NOmentioned,NOmentioned,NOmentioned,NOmentioned,NOmentioned,NOmentioned
The Don't Ask Me About It,can,can,can,NOmentioned,NOmentioned,NOmentioned,NOmentioned,NOmentioned,can,NOmentioned,NOmentioned,NOmentioned,NOmentioned,NOmentioned,NOmentioned,NOmentioned,NOmentioned,NOmentioned,cannot,NOmentioned,NOmentioned,NOmentioned,NOmentioned
European Union Public License (EUPL-1.1),can,NOmentioned,can,cannot,must,must,NOmentioned,NOmentioned,can,must,must,NOmentioned,NOmentioned,NOmentioned,NOmentioned,NOmentioned,NOmentioned,NOmentioned,NOmentioned,NOmentioned,NOmentioned,NOmentioned,NOmentioned
Unlicense,NOmentioned,can,can,cannot,cannot,NOmentioned,NOmentioned,NOmentioned,can,NOmentioned,NOmentioned,NOmentioned,NOmentioned,NOmentioned,NOmentioned,NOmentioned,NOmentioned,NOmentioned,NOmentioned,NOmentioned,NOmentioned,NOmentioned,NOmentioned
MiTTY,can,can,NOmentioned,NOmentioned,NOmentioned,NOmentioned,NOmentioned,NOmentioned,NOmentioned,NOmentioned,NOmentioned,NOmentioned,NOmentioned,NOmentioned,NOmentioned,NOmentioned,NOmentioned,cannot,must,NOmentioned,NOmentioned,NOmentioned,NOmentioned
Fair License,can,can,can,NOmentioned,NOmentioned,must,can,NOmentioned,NOmentioned,NOmentioned,NOmentioned,cannot,NOmentioned,NOmentioned,NOmentioned,NOmentioned,can,NOmentioned,NOmentioned,NOmentioned,NOmentioned,NOmentioned,NOmentioned
Educational Community License (ECL-2.0),can,can,can,cannot,must,must,can,cannot,can,NOmentioned,must,can,must,NOmentioned,NOmentioned,NOmentioned,NOmentioned,NOmentioned,NOmentioned,NOmentioned,NOmentioned,NOmentioned,NOmentioned
Ubuntu Font License (UFL-1.0),can,can,NOmentioned,NOmentioned,must,must,cannot,cannot,NOmentioned,NOmentioned,NOmentioned,NOmentioned,NOmentioned,NOmentioned,NOmentioned,NOmentioned,cannot,NOmentioned,NOmentioned,NOmentioned,NOmentioned,NOmentioned,NOmentioned
Open Software Licence 3.0,can,can,can,cannot,must,must,can,cannot,NOmentioned,must,NOmentioned,NOmentioned,NOmentioned,NOmentioned,NOmentioned,NOmentioned,NOmentioned,NOmentioned,NOmentioned,NOmentioned,NOmentioned,NOmentioned,NOmentioned
Adaptive Public License 1.0___APL-1.0,can,can,can,cannot,NOmentioned,must,NOmentioned,cannot,can,must,must,can,must,NOmentioned,must,NOmentioned,NOmentioned,NOmentioned,NOmentioned,NOmentioned,NOmentioned,NOmentioned,NOmentioned
ANTLR Software Rights Notice (ANTLR-PD),can,can,can,NOmentioned,NOmentioned,NOmentioned,NOmentioned,NOmentioned,NOmentioned,NOmentioned,NOmentioned,can,NOmentioned,NOmentioned,must,NOmentioned,NOmentioned,NOmentioned,NOmentioned,NOmentioned,NOmentioned,NOmentioned,NOmentioned
Attribution Assurance License (AAL),can,can,can,cannot,NOmentioned,must,NOmentioned,cannot,NOmentioned,NOmentioned,NOmentioned,NOmentioned,NOmentioned,NOmentioned,must,NOmentioned,NOmentioned,NOmentioned,NOmentioned,NOmentioned,NOmentioned,NOmentioned,NOmentioned
Common Public License (CPL-1.0),can,can,can,cannot,must,must,can,NOmentioned,NOmentioned,must,NOmentioned,NOmentioned,NOmentioned,NOmentioned,NOmentioned,can,NOmentioned,NOmentioned,NOmentioned,NOmentioned,NOmentioned,NOmentioned,NOmentioned
Condor Public License (Condor-1.1),can,can,can,cannot,must,must,can,cannot,NOmentioned,NOmentioned,NOmentioned,NOmentioned,NOmentioned,NOmentioned,NOmentioned,NOmentioned,NOmentioned,NOmentioned,NOmentioned,NOmentioned,NOmentioned,NOmentioned,NOmentioned
Do What The F*ck You Want To Public License (WTFPL),can,can,can,NOmentioned,NOmentioned,NOmentioned,can,NOmentioned,NOmentioned,NOmentioned,NOmentioned,NOmentioned,NOmentioned,NOmentioned,NOmentioned,NOmentioned,must,NOmentioned,NOmentioned,NOmentioned,NOmentioned,NOmentioned,NOmentioned
Eiffel Forum License (EFL-2.0),can,can,can,cannot,must,must,can,NOmentioned,NOmentioned,NOmentioned,NOmentioned,NOmentioned,NOmentioned,NOmentioned,NOmentioned,NOmentioned,NOmentioned,can,NOmentioned,NOmentioned,NOmentioned,NOmentioned,NOmentioned
Entessa Public License (Entessa),can,can,can,cannot,NOmentioned,must,can,cannot,NOmentioned,NOmentioned,NOmentioned,NOmentioned,must,NOmentioned,NOmentioned,NOmentioned,NOmentioned,NOmentioned,NOmentioned,NOmentioned,NOmentioned,NOmentioned,NOmentioned
EU DataGrid Software License (EUDatagrid),can,can,can,cannot,NOmentioned,must,can,cannot,NOmentioned,NOmentioned,NOmentioned,NOmentioned,must,NOmentioned,NOmentioned,NOmentioned,NOmentioned,NOmentioned,NOmentioned,NOmentioned,NOmentioned,NOmentioned,NOmentioned
Historical Permission Notice and Disclaimer___HPND-license,can,can,can,cannot,NOmentioned,must,can,NOmentioned,NOmentioned,NOmentioned,NOmentioned,NOmentioned,must,NOmentioned,NOmentioned,NOmentioned,NOmentioned,NOmentioned,NOmentioned,NOmentioned,NOmentioned,NOmentioned,NOmentioned
IBM PowerPC Initialization and Boot Software (IBM-pibs),can,can,can,cannot,must,must,can,NOmentioned,NOmentioned,NOmentioned,NOmentioned,NOmentioned,NOmentioned,NOmentioned,NOmentioned,NOmentioned,NOmentioned,NOmentioned,NOmentioned,NOmentioned,NOmentioned,NOmentioned,NOmentioned
Imlib2 License (Imlib2),can,can,can,cannot,NOmentioned,must,can,NOmentioned,NOmentioned,must,NOmentioned,NOmentioned,NOmentioned,NOmentioned,NOmentioned,NOmentioned,NOmentioned,NOmentioned,NOmentioned,NOmentioned,NOmentioned,NOmentioned,NOmentioned
Independent JPEG Group (IJG),can,can,can,cannot,NOmentioned,must,can,NOmentioned,NOmentioned,NOmentioned,NOmentioned,NOmentioned,NOmentioned,NOmentioned,must,NOmentioned,NOmentioned,NOmentioned,NOmentioned,NOmentioned,NOmentioned,NOmentioned,NOmentioned
Intel Open Source,can,can,can,cannot,NOmentioned,must,can,NOmentioned,NOmentioned,NOmentioned,NOmentioned,NOmentioned,NOmentioned,NOmentioned,NOmentioned,NOmentioned,NOmentioned,NOmentioned,NOmentioned,NOmentioned,NOmentioned,NOmentioned,NOmentioned
Lucent Public License (LPL-1.02),can,can,can,cannot,NOmentioned,must,can,NOmentioned,NOmentioned,NOmentioned,must,NOmentioned,NOmentioned,NOmentioned,NOmentioned,NOmentioned,NOmentioned,NOmentioned,NOmentioned,NOmentioned,NOmentioned,NOmentioned,NOmentioned
MirOS (MirOS),can,can,can,cannot,NOmentioned,must,can,NOmentioned,NOmentioned,NOmentioned,NOmentioned,NOmentioned,NOmentioned,NOmentioned,NOmentioned,NOmentioned,NOmentioned,NOmentioned,NOmentioned,NOmentioned,NOmentioned,NOmentioned,NOmentioned
Multics (Multics),can,can,can,NOmentioned,NOmentioned,must,NOmentioned,cannot,NOmentioned,NOmentioned,NOmentioned,NOmentioned,NOmentioned,NOmentioned,NOmentioned,NOmentioned,NOmentioned,NOmentioned,NOmentioned,NOmentioned,NOmentioned,NOmentioned,NOmentioned
NASA Open Source Agreement (NASA-1.3),can,can,can,cannot,must,must,can,cannot,NOmentioned,must,NOmentioned,can,NOmentioned,NOmentioned,NOmentioned,NOmentioned,NOmentioned,NOmentioned,NOmentioned,NOmentioned,NOmentioned,NOmentioned,NOmentioned
Naumen Public License (Naumen),can,can,can,cannot,must,must,NOmentioned,cannot,NOmentioned,NOmentioned,must,NOmentioned,NOmentioned,NOmentioned,NOmentioned,NOmentioned,NOmentioned,NOmentioned,NOmentioned,NOmentioned,NOmentioned,NOmentioned,NOmentioned
Net Boolean Public License (NBPL-1.0),can,can,can,cannot,must,must,NOmentioned,cannot,NOmentioned,must,must,NOmentioned,NOmentioned,NOmentioned,NOmentioned,NOmentioned,NOmentioned,NOmentioned,NOmentioned,NOmentioned,NOmentioned,NOmentioned,NOmentioned
Nethack General Public License (NGPL),can,can,NOmentioned,NOmentioned,must,must,cannot,NOmentioned,NOmentioned,must,must,can,NOmentioned,NOmentioned,NOmentioned,NOmentioned,NOmentioned,NOmentioned,NOmentioned,NOmentioned,NOmentioned,NOmentioned,NOmentioned
Non-Profit Open Software License (NPOSL-3.0),can,can,NOmentioned,cannot,must,must,can,cannot,NOmentioned,must,NOmentioned,NOmentioned,NOmentioned,NOmentioned,NOmentioned,NOmentioned,NOmentioned,NOmentioned,NOmentioned,NOmentioned,NOmentioned,NOmentioned,NOmentioned
NTP (NTP),can,can,can,cannot,NOmentioned,must,can,cannot,NOmentioned,NOmentioned,NOmentioned,NOmentioned,NOmentioned,NOmentioned,NOmentioned,NOmentioned,NOmentioned,NOmentioned,NOmentioned,NOmentioned,NOmentioned,NOmentioned,NOmentioned
OCLC Research Public License (OCLC-2.0),can,can,can,cannot,NOmentioned,must,can,cannot,NOmentioned,must,NOmentioned,NOmentioned,NOmentioned,NOmentioned,NOmentioned,NOmentioned,NOmentioned,NOmentioned,NOmentioned,NOmentioned,NOmentioned,NOmentioned,NOmentioned
ODC Public Domain Dedication & License (PDDL-1.0),can,can,can,cannot,NOmentioned,NOmentioned,cannot,cannot,NOmentioned,NOmentioned,NOmentioned,NOmentioned,NOmentioned,NOmentioned,NOmentioned,NOmentioned,NOmentioned,cannot,NOmentioned,NOmentioned,NOmentioned,NOmentioned,NOmentioned
Open Group Test Suite License (OGTSL),can,can,can,cannot,must,NOmentioned,NOmentioned,cannot,NOmentioned,NOmentioned,must,NOmentioned,NOmentioned,must,NOmentioned,NOmentioned,NOmentioned,NOmentioned,NOmentioned,NOmentioned,NOmentioned,NOmentioned,NOmentioned
OpenLDAP Public License (OLDAP-2.8),can,can,can,cannot,must,must,NOmentioned,cannot,NOmentioned,NOmentioned,NOmentioned,NOmentioned,NOmentioned,NOmentioned,NOmentioned,NOmentioned,NOmentioned,NOmentioned,NOmentioned,NOmentioned,NOmentioned,NOmentioned,NOmentioned
OpenSSL License___OpenSSL-license,can,can,can,cannot,must,must,NOmentioned,cannot,NOmentioned,NOmentioned,NOmentioned,NOmentioned,NOmentioned,NOmentioned,must,NOmentioned,NOmentioned,NOmentioned,NOmentioned,NOmentioned,NOmentioned,NOmentioned,NOmentioned
PostgreSQL (PostgreSQL),can,can,can,cannot,must,must,NOmentioned,NOmentioned,NOmentioned,NOmentioned,NOmentioned,NOmentioned,NOmentioned,NOmentioned,NOmentioned,NOmentioned,NOmentioned,NOmentioned,NOmentioned,NOmentioned,NOmentioned,NOmentioned,NOmentioned
Q Public License (QPL-1.0),can,can,cannot,cannot,must,must,NOmentioned,NOmentioned,NOmentioned,must,NOmentioned,NOmentioned,NOmentioned,NOmentioned,NOmentioned,NOmentioned,NOmentioned,NOmentioned,NOmentioned,NOmentioned,NOmentioned,NOmentioned,NOmentioned
Red Hat eCos Public License (RHeCos-1.1),can,can,can,cannot,NOmentioned,must,can,cannot,NOmentioned,must,must,can,NOmentioned,NOmentioned,NOmentioned,NOmentioned,NOmentioned,NOmentioned,NOmentioned,NOmentioned,NOmentioned,NOmentioned,NOmentioned
Ricoh Source Code Public License (RSCPL),can,can,can,cannot,NOmentioned,must,can,cannot,NOmentioned,must,must,NOmentioned,NOmentioned,NOmentioned,NOmentioned,NOmentioned,NOmentioned,NOmentioned,NOmentioned,NOmentioned,NOmentioned,NOmentioned,NOmentioned
Ruby License,can,can,can,cannot,must,NOmentioned,can,NOmentioned,NOmentioned,must,NOmentioned,NOmentioned,NOmentioned,NOmentioned,NOmentioned,NOmentioned,NOmentioned,NOmentioned,NOmentioned,NOmentioned,NOmentioned,NOmentioned,NOmentioned
Sax Public Domain Notice (SAX-PD),can,can,can,cannot,NOmentioned,NOmentioned,NOmentioned,NOmentioned,NOmentioned,NOmentioned,NOmentioned,NOmentioned,NOmentioned,NOmentioned,NOmentioned,NOmentioned,NOmentioned,NOmentioned,NOmentioned,NOmentioned,NOmentioned,NOmentioned,NOmentioned
SGI Free Software (SGI-B-2.0),can,can,can,cannot,must,must,can,cannot,NOmentioned,NOmentioned,NOmentioned,NOmentioned,NOmentioned,NOmentioned,NOmentioned,NOmentioned,NOmentioned,NOmentioned,NOmentioned,NOmentioned,NOmentioned,NOmentioned,NOmentioned
Standard ML of New Jersey (SMLNJ),can,can,can,cannot,must,must,NOmentioned,cannot,NOmentioned,NOmentioned,NOmentioned,NOmentioned,NOmentioned,NOmentioned,NOmentioned,NOmentioned,NOmentioned,NOmentioned,NOmentioned,NOmentioned,NOmentioned,NOmentioned,NOmentioned
SugarCRM Public License (SugarCRM-1.1.3),can,can,can,cannot,must,must,can,cannot,NOmentioned,must,must,can,must,NOmentioned,must,NOmentioned,NOmentioned,NOmentioned,NOmentioned,NOmentioned,NOmentioned,NOmentioned,NOmentioned
Mozilla Public License 1.1___(MPL-1.1),can,can,can,cannot,must,must,can,cannot,NOmentioned,must,must,can,must,NOmentioned,must,can,NOmentioned,NOmentioned,NOmentioned,NOmentioned,NOmentioned,NOmentioned,NOmentioned
Sun Industry Standards Source License v1.2 (SISSL-1.2),can,can,can,cannot,NOmentioned,must,can,cannot,NOmentioned,must,NOmentioned,can,NOmentioned,NOmentioned,NOmentioned,NOmentioned,NOmentioned,NOmentioned,NOmentioned,NOmentioned,NOmentioned,NOmentioned,NOmentioned
Vovida Software License (VSL-1.0),can,can,can,cannot,must,must,NOmentioned,cannot,NOmentioned,NOmentioned,NOmentioned,NOmentioned,NOmentioned,NOmentioned,NOmentioned,NOmentioned,NOmentioned,NOmentioned,NOmentioned,NOmentioned,NOmentioned,NOmentioned,NOmentioned
W3C Software Notice and License (W3C),can,can,can,cannot,must,must,NOmentioned,cannot,NOmentioned,NOmentioned,must,NOmentioned,NOmentioned,NOmentioned,NOmentioned,NOmentioned,NOmentioned,NOmentioned,NOmentioned,NOmentioned,NOmentioned,NOmentioned,NOmentioned
wxWindows Library (WXwindows),can,can,can,cannot,must,NOmentioned,can,NOmentioned,NOmentioned,NOmentioned,NOmentioned,NOmentioned,NOmentioned,must,NOmentioned,NOmentioned,NOmentioned,NOmentioned,NOmentioned,NOmentioned,NOmentioned,can,NOmentioned
X.Net License (Xnet),can,can,can,cannot,must,NOmentioned,can,NOmentioned,NOmentioned,NOmentioned,NOmentioned,NOmentioned,NOmentioned,NOmentioned,NOmentioned,NOmentioned,NOmentioned,NOmentioned,NOmentioned,NOmentioned,NOmentioned,NOmentioned,NOmentioned
XFree86 License (XFree86-1.1),can,can,can,cannot,must,must,can,cannot,NOmentioned,NOmentioned,NOmentioned,NOmentioned,must,NOmentioned,NOmentioned,NOmentioned,NOmentioned,NOmentioned,NOmentioned,NOmentioned,NOmentioned,NOmentioned,NOmentioned
Yahoo! Public License (YPL-1.1),can,can,can,cannot,must,must,can,cannot,NOmentioned,must,NOmentioned,NOmentioned,NOmentioned,NOmentioned,NOmentioned,NOmentioned,NOmentioned,NOmentioned,NOmentioned,NOmentioned,NOmentioned,NOmentioned,NOmentioned
Zimbra Public License (Zimbra-1.3),can,can,can,cannot,must,must,can,cannot,NOmentioned,must,NOmentioned,NOmentioned,NOmentioned,NOmentioned,NOmentioned,NOmentioned,NOmentioned,NOmentioned,NOmentioned,NOmentioned,NOmentioned,NOmentioned,NOmentioned
Zope Public License 2.1___ZPL-2.1,can,can,can,cannot,must,must,NOmentioned,cannot,NOmentioned,NOmentioned,must,NOmentioned,NOmentioned,NOmentioned,NOmentioned,NOmentioned,NOmentioned,NOmentioned,NOmentioned,NOmentioned,NOmentioned,NOmentioned,NOmentioned
BitTorrent Open Source (BitTorrent-1.1),can,can,can,cannot,NOmentioned,must,can,cannot,NOmentioned,must,must,can,must,NOmentioned,must,NOmentioned,NOmentioned,NOmentioned,NOmentioned,NOmentioned,NOmentioned,NOmentioned,NOmentioned
Computer Associates Trusted Open Source License (CATOSL-1.1),can,can,can,cannot,must,must,can,cannot,NOmentioned,must,must,NOmentioned,must,NOmentioned,must,NOmentioned,NOmentioned,NOmentioned,NOmentioned,NOmentioned,NOmentioned,NOmentioned,NOmentioned
CUA Office Public License (CUA-OPL-1.0),can,can,can,cannot,must,must,can,cannot,NOmentioned,must,must,can,must,NOmentioned,must,NOmentioned,NOmentioned,NOmentioned,NOmentioned,NOmentioned,NOmentioned,NOmentioned,NOmentioned
Erlang Public License (ErlPL-1.1),can,can,can,cannot,must,must,can,cannot,NOmentioned,must,must,can,must,NOmentioned,must,NOmentioned,NOmentioned,NOmentioned,NOmentioned,NOmentioned,NOmentioned,NOmentioned,NOmentioned
gSOAP Public License (gSOAP-1.3b),can,can,can,cannot,must,must,can,cannot,NOmentioned,must,must,can,must,NOmentioned,must,NOmentioned,NOmentioned,NOmentioned,NOmentioned,NOmentioned,NOmentioned,NOmentioned,NOmentioned
LaTeX Project Public License (LPPL-1.3c),can,can,can,cannot,must,NOmentioned,can,cannot,NOmentioned,must,must,NOmentioned,NOmentioned,NOmentioned,NOmentioned,NOmentioned,NOmentioned,NOmentioned,NOmentioned,NOmentioned,NOmentioned,NOmentioned,NOmentioned
Netizen Open Source License (NOSL),can,can,can,cannot,must,must,can,cannot,NOmentioned,must,must,can,must,NOmentioned,must,NOmentioned,NOmentioned,NOmentioned,NOmentioned,NOmentioned,NOmentioned,NOmentioned,NOmentioned
Netscape Public License (NPL-1.1),can,can,can,cannot,must,must,can,cannot,NOmentioned,must,must,can,must,NOmentioned,must,NOmentioned,NOmentioned,NOmentioned,NOmentioned,NOmentioned,NOmentioned,NOmentioned,NOmentioned
Nokia Open Source License,can,can,can,cannot,must,must,can,cannot,NOmentioned,must,must,can,must,NOmentioned,must,NOmentioned,NOmentioned,NOmentioned,NOmentioned,NOmentioned,NOmentioned,NOmentioned,NOmentioned
Sun Public License (SPL-1.0),can,can,can,cannot,must,must,can,cannot,NOmentioned,must,must,can,must,NOmentioned,must,NOmentioned,NOmentioned,NOmentioned,NOmentioned,NOmentioned,NOmentioned,NOmentioned,NOmentioned
Sybase Open Watcom Public (Watcom-1.0),can,can,can,cannot,must,must,can,cannot,can,must,must,can,NOmentioned,NOmentioned,NOmentioned,NOmentioned,NOmentioned,NOmentioned,NOmentioned,NOmentioned,NOmentioned,NOmentioned,NOmentioned
Open Public License (OPL-1.0),can,can,can,cannot,must,must,can,cannot,can,must,must,can,must,NOmentioned,must,NOmentioned,NOmentioned,NOmentioned,NOmentioned,NOmentioned,NOmentioned,NOmentioned,NOmentioned
RealNetworks Public Source License (RPSL-1.0),can,can,can,cannot,must,must,can,cannot,NOmentioned,must,must,can,NOmentioned,NOmentioned,NOmentioned,NOmentioned,NOmentioned,NOmentioned,NOmentioned,NOmentioned,NOmentioned,NOmentioned,NOmentioned
Reciprocal Public License 1.5 (RPL-1.5),can,can,can,cannot,must,must,can,cannot,NOmentioned,must,must,can,must,NOmentioned,must,NOmentioned,must,NOmentioned,NOmentioned,NOmentioned,NOmentioned,NOmentioned,NOmentioned
Creative Commons CC0 (CC-0),can,can,can,cannot,NOmentioned,NOmentioned,NOmentioned,cannot,can,NOmentioned,NOmentioned,NOmentioned,NOmentioned,NOmentioned,NOmentioned,cannot,NOmentioned,NOmentioned,NOmentioned,NOmentioned,NOmentioned,NOmentioned,NOmentioned
Peer Production License,can,can,can,cannot,must,NOmentioned,cannot,NOmentioned,NOmentioned,NOmentioned,NOmentioned,cannot,NOmentioned,NOmentioned,NOmentioned,NOmentioned,NOmentioned,NOmentioned,NOmentioned,NOmentioned,NOmentioned,NOmentioned,NOmentioned
Creative Commons Attribution (CC-BY),can,can,can,NOmentioned,must,NOmentioned,cannot,NOmentioned,NOmentioned,NOmentioned,must,NOmentioned,NOmentioned,NOmentioned,must,NOmentioned,NOmentioned,NOmentioned,NOmentioned,NOmentioned,NOmentioned,NOmentioned,NOmentioned
OPEN GAME LICENSE,NOmentioned,NOmentioned,can,NOmentioned,NOmentioned,must,NOmentioned,NOmentioned,NOmentioned,must,NOmentioned,NOmentioned,NOmentioned,must,NOmentioned,NOmentioned,NOmentioned,cannot,NOmentioned,NOmentioned,NOmentioned,NOmentioned,NOmentioned
Licence for 6 box js,NOmentioned,can,cannot,NOmentioned,NOmentioned,must,NOmentioned,NOmentioned,must,NOmentioned,NOmentioned,NOmentioned,NOmentioned,NOmentioned,NOmentioned,NOmentioned,NOmentioned,cannot,NOmentioned,NOmentioned,NOmentioned,NOmentioned,NOmentioned
Doom Source Licence,cannot,can,cannot,cannot,NOmentioned,NOmentioned,NOmentioned,NOmentioned,NOmentioned,NOmentioned,NOmentioned,NOmentioned,NOmentioned,NOmentioned,NOmentioned,NOmentioned,NOmentioned,NOmentioned,NOmentioned,NOmentioned,NOmentioned,NOmentioned,NOmentioned
Creative Commons Attribution-NonCommercial-ShareAlike 4.0 International (CC-BY-NC-SA),can,can,cannot,cannot,must,NOmentioned,cannot,NOmentioned,NOmentioned,NOmentioned,must,cannot,NOmentioned,NOmentioned,must,NOmentioned,can,NOmentioned,NOmentioned,NOmentioned,NOmentioned,NOmentioned,NOmentioned
GG License 1.0 (GG1),can,can,can,NOmentioned,must,must,NOmentioned,NOmentioned,can,NOmentioned,must,NOmentioned,NOmentioned,must,must,NOmentioned,NOmentioned,NOmentioned,NOmentioned,NOmentioned,NOmentioned,NOmentioned,NOmentioned
bzip2,NOmentioned,can,can,cannot,must,must,NOmentioned,cannot,NOmentioned,NOmentioned,must,NOmentioned,NOmentioned,NOmentioned,NOmentioned,NOmentioned,NOmentioned,NOmentioned,NOmentioned,NOmentioned,NOmentioned,NOmentioned,NOmentioned
Creative Commons Attribution-NonCommercial 4.0 International (CC-BY-NC),can,can,cannot,NOmentioned,must,NOmentioned,cannot,NOmentioned,NOmentioned,NOmentioned,must,NOmentioned,NOmentioned,NOmentioned,must,NOmentioned,NOmentioned,NOmentioned,NOmentioned,NOmentioned,NOmentioned,NOmentioned,NOmentioned
Creative Commons Attribution-ShareAlike 4.0 International (CC-BY-SA),can,can,can,NOmentioned,must,NOmentioned,cannot,NOmentioned,NOmentioned,NOmentioned,must,NOmentioned,NOmentioned,NOmentioned,must,NOmentioned,NOmentioned,NOmentioned,NOmentioned,NOmentioned,NOmentioned,NOmentioned,NOmentioned
Creative Commons Attribution-NoDerivatives 4.0 International (CC BY-ND),can,cannot,can,NOmentioned,must,NOmentioned,cannot,NOmentioned,NOmentioned,NOmentioned,must,NOmentioned,NOmentioned,NOmentioned,must,NOmentioned,NOmentioned,NOmentioned,NOmentioned,NOmentioned,NOmentioned,NOmentioned,NOmentioned
Agate License,cannot,NOmentioned,can,NOmentioned,NOmentioned,NOmentioned,NOmentioned,NOmentioned,can,NOmentioned,NOmentioned,NOmentioned,NOmentioned,NOmentioned,NOmentioned,NOmentioned,NOmentioned,NOmentioned,NOmentioned,NOmentioned,NOmentioned,NOmentioned,NOmentioned
Copyfree Open Innovation License (COIL-0.3),can,can,can,cannot,must,must,NOmentioned,NOmentioned,can,NOmentioned,NOmentioned,NOmentioned,NOmentioned,NOmentioned,NOmentioned,NOmentioned,NOmentioned,NOmentioned,NOmentioned,NOmentioned,NOmentioned,NOmentioned,NOmentioned
Oracle Binary Code License Agreement for the Java SE Platform Products and JavaFX,cannot,NOmentioned,NOmentioned,NOmentioned,NOmentioned,NOmentioned,NOmentioned,NOmentioned,NOmentioned,NOmentioned,NOmentioned,NOmentioned,NOmentioned,NOmentioned,NOmentioned,NOmentioned,NOmentioned,NOmentioned,NOmentioned,NOmentioned,NOmentioned,NOmentioned,NOmentioned
Charity Software License,can,can,cannot,NOmentioned,must,NOmentioned,NOmentioned,NOmentioned,NOmentioned,NOmentioned,must,NOmentioned,NOmentioned,NOmentioned,NOmentioned,NOmentioned,NOmentioned,NOmentioned,NOmentioned,NOmentioned,NOmentioned,NOmentioned,NOmentioned
Do What The Fuck You Want To But It's Not My Fault Public License v1 (WTFNMFPL-1.0),can,can,can,cannot,can,can,can,NOmentioned,can,NOmentioned,NOmentioned,NOmentioned,NOmentioned,can,NOmentioned,NOmentioned,NOmentioned,NOmentioned,can,NOmentioned,NOmentioned,NOmentioned,NOmentioned
Egreen Open Source,can,can,cannot,cannot,must,must,can,cannot,can,NOmentioned,must,can,must,NOmentioned,NOmentioned,cannot,NOmentioned,NOmentioned,NOmentioned,NOmentioned,NOmentioned,NOmentioned,NOmentioned
GNU Lesser General Public License (LGPL-3.0),can,can,can,cannot,must,must,cannot,NOmentioned,NOmentioned,must,must,can,NOmentioned,must,NOmentioned,can,NOmentioned,NOmentioned,NOmentioned,must,NOmentioned,NOmentioned,NOmentioned
Commons Clause License Condition v1.0,can,can,cannot,NOmentioned,must,NOmentioned,NOmentioned,NOmentioned,NOmentioned,NOmentioned,NOmentioned,NOmentioned,must,NOmentioned,NOmentioned,NOmentioned,NOmentioned,NOmentioned,NOmentioned,NOmentioned,NOmentioned,NOmentioned,NOmentioned
TrackingTeam Licence,can,can,cannot,cannot,must,must,can,cannot,can,NOmentioned,must,can,must,NOmentioned,NOmentioned,can,NOmentioned,NOmentioned,NOmentioned,NOmentioned,NOmentioned,NOmentioned,NOmentioned
Very Simple Public License (VSPL),can,can,can,cannot,must,must,can,NOmentioned,can,NOmentioned,NOmentioned,NOmentioned,NOmentioned,NOmentioned,NOmentioned,NOmentioned,NOmentioned,NOmentioned,NOmentioned,NOmentioned,NOmentioned,NOmentioned,NOmentioned
Unreal Engine End User License Agreement v9,can,can,can,cannot,NOmentioned,must,cannot,NOmentioned,NOmentioned,cannot,NOmentioned,NOmentioned,NOmentioned,NOmentioned,NOmentioned,NOmentioned,NOmentioned,NOmentioned,must,NOmentioned,NOmentioned,must,NOmentioned
IDGAF,can,can,can,NOmentioned,NOmentioned,NOmentioned,NOmentioned,NOmentioned,can,NOmentioned,NOmentioned,NOmentioned,NOmentioned,NOmentioned,NOmentioned,NOmentioned,NOmentioned,NOmentioned,NOmentioned,NOmentioned,NOmentioned,NOmentioned,NOmentioned
Air Software EULA,NOmentioned,NOmentioned,NOmentioned,cannot,NOmentioned,NOmentioned,cannot,NOmentioned,NOmentioned,NOmentioned,NOmentioned,NOmentioned,NOmentioned,NOmentioned,NOmentioned,NOmentioned,NOmentioned,NOmentioned,NOmentioned,NOmentioned,NOmentioned,NOmentioned,NOmentioned
The Spice Software License Version 1.1 (Spice-1.1),can,can,can,cannot,must,must,can,cannot,NOmentioned,NOmentioned,NOmentioned,NOmentioned,NOmentioned,NOmentioned,NOmentioned,NOmentioned,NOmentioned,NOmentioned,NOmentioned,NOmentioned,NOmentioned,NOmentioned,NOmentioned
Apache License 1.1 (Apache-1.1),can,can,can,cannot,must,must,can,cannot,NOmentioned,NOmentioned,NOmentioned,NOmentioned,must,NOmentioned,NOmentioned,NOmentioned,NOmentioned,NOmentioned,NOmentioned,NOmentioned,NOmentioned,NOmentioned,NOmentioned
Apache License 1.0 (Apache-1.0),can,can,can,cannot,must,must,can,cannot,NOmentioned,NOmentioned,NOmentioned,NOmentioned,NOmentioned,NOmentioned,NOmentioned,NOmentioned,NOmentioned,NOmentioned,NOmentioned,NOmentioned,NOmentioned,NOmentioned,NOmentioned
Mug Foundation open formats license,can,NOmentioned,can,cannot,must,must,NOmentioned,cannot,can,NOmentioned,NOmentioned,NOmentioned,NOmentioned,must,must,can,NOmentioned,cannot,NOmentioned,NOmentioned,NOmentioned,NOmentioned,NOmentioned
CeCILL Free Software License Agreement v1.0 (CECILL-1.0),can,can,can,can,must,must,NOmentioned,NOmentioned,NOmentioned,must,must,NOmentioned,must,NOmentioned,NOmentioned,NOmentioned,NOmentioned,NOmentioned,NOmentioned,NOmentioned,NOmentioned,NOmentioned,NOmentioned
CeCILL Free Software License Agreement v1.1 (CECILL-1.1),can,can,can,can,must,must,NOmentioned,NOmentioned,NOmentioned,must,must,NOmentioned,must,NOmentioned,NOmentioned,NOmentioned,NOmentioned,NOmentioned,NOmentioned,NOmentioned,NOmentioned,NOmentioned,NOmentioned
CeCILL Free Software License Agreement v2.0 (CECILL-2.0),can,can,can,can,must,must,NOmentioned,NOmentioned,NOmentioned,must,must,NOmentioned,must,NOmentioned,NOmentioned,NOmentioned,NOmentioned,NOmentioned,NOmentioned,NOmentioned,NOmentioned,NOmentioned,NOmentioned
Simple non code license (SNCL),can,can,cannot,cannot,must,must,NOmentioned,cannot,NOmentioned,NOmentioned,NOmentioned,NOmentioned,must,NOmentioned,must,NOmentioned,NOmentioned,NOmentioned,NOmentioned,NOmentioned,NOmentioned,NOmentioned,NOmentioned
Apple MIT License (AML),can,can,can,cannot,must,must,can,cannot,can,NOmentioned,NOmentioned,NOmentioned,NOmentioned,NOmentioned,NOmentioned,NOmentioned,NOmentioned,NOmentioned,NOmentioned,NOmentioned,NOmentioned,NOmentioned,NOmentioned
Xerox (Xerox),can,can,can,cannot,must,must,can,NOmentioned,can,NOmentioned,NOmentioned,NOmentioned,NOmentioned,NOmentioned,NOmentioned,NOmentioned,NOmentioned,NOmentioned,NOmentioned,NOmentioned,NOmentioned,NOmentioned,NOmentioned
Zope Public License 1.1___ZPL-1.1,can,can,can,cannot,must,must,NOmentioned,cannot,NOmentioned,NOmentioned,must,NOmentioned,NOmentioned,NOmentioned,NOmentioned,NOmentioned,NOmentioned,NOmentioned,NOmentioned,NOmentioned,NOmentioned,NOmentioned,NOmentioned
Zope Public License 2.0___ZPL-2.0,can,can,can,cannot,must,must,NOmentioned,cannot,NOmentioned,NOmentioned,must,NOmentioned,NOmentioned,NOmentioned,NOmentioned,NOmentioned,NOmentioned,NOmentioned,NOmentioned,NOmentioned,NOmentioned,NOmentioned,NOmentioned
Mozilla Public License 1.0 (MPL-1.0),can,can,can,cannot,must,must,can,NOmentioned,NOmentioned,must,must,can,NOmentioned,NOmentioned,NOmentioned,NOmentioned,NOmentioned,NOmentioned,NOmentioned,NOmentioned,NOmentioned,NOmentioned,NOmentioned
Open Software License 1.0___OSL-1.0,can,can,can,cannot,must,must,can,cannot,NOmentioned,must,NOmentioned,NOmentioned,NOmentioned,NOmentioned,NOmentioned,NOmentioned,NOmentioned,NOmentioned,NOmentioned,NOmentioned,NOmentioned,NOmentioned,NOmentioned
Open Software License 1.1___OSL-1.1,can,can,can,cannot,must,must,can,cannot,NOmentioned,must,NOmentioned,NOmentioned,NOmentioned,NOmentioned,NOmentioned,NOmentioned,NOmentioned,NOmentioned,NOmentioned,NOmentioned,NOmentioned,NOmentioned,NOmentioned
Open Software License 2.0___OSL-2.0,can,can,can,cannot,must,must,can,cannot,NOmentioned,must,NOmentioned,NOmentioned,NOmentioned,NOmentioned,NOmentioned,NOmentioned,NOmentioned,NOmentioned,NOmentioned,NOmentioned,NOmentioned,NOmentioned,NOmentioned
Open Software License 2.1___OSL-2.1,can,can,can,cannot,must,must,can,cannot,NOmentioned,must,NOmentioned,NOmentioned,NOmentioned,NOmentioned,NOmentioned,NOmentioned,NOmentioned,NOmentioned,NOmentioned,NOmentioned,NOmentioned,NOmentioned,NOmentioned
Tcl license,can,can,can,cannot,must,must,can,NOmentioned,can,NOmentioned,NOmentioned,can,NOmentioned,NOmentioned,NOmentioned,NOmentioned,NOmentioned,can,NOmentioned,NOmentioned,NOmentioned,NOmentioned,NOmentioned
BSD-4-Clause,can,can,can,cannot,must,must,NOmentioned,cannot,NOmentioned,NOmentioned,NOmentioned,can,NOmentioned,NOmentioned,must,NOmentioned,NOmentioned,NOmentioned,NOmentioned,NOmentioned,NOmentioned,NOmentioned,NOmentioned
Universal Permissive License 1.0 (UPL-1.0),can,can,can,cannot,must,must,can,NOmentioned,can,NOmentioned,NOmentioned,NOmentioned,NOmentioned,NOmentioned,NOmentioned,can,NOmentioned,NOmentioned,NOmentioned,NOmentioned,NOmentioned,NOmentioned,NOmentioned
Unlicence,can,can,can,cannot,NOmentioned,NOmentioned,can,NOmentioned,can,NOmentioned,NOmentioned,NOmentioned,NOmentioned,NOmentioned,NOmentioned,NOmentioned,NOmentioned,can,NOmentioned,NOmentioned,NOmentioned,NOmentioned,NOmentioned
Fair Source License (Fair-Source-0.9),can,can,can,cannot,must,must,cannot,cannot,can,NOmentioned,NOmentioned,can,NOmentioned,NOmentioned,NOmentioned,can,NOmentioned,NOmentioned,NOmentioned,NOmentioned,NOmentioned,NOmentioned,must
Free Public License 1.0.0,can,can,can,cannot,NOmentioned,NOmentioned,can,NOmentioned,can,NOmentioned,NOmentioned,NOmentioned,NOmentioned,NOmentioned,NOmentioned,NOmentioned,NOmentioned,NOmentioned,NOmentioned,NOmentioned,NOmentioned,NOmentioned,NOmentioned
hx711_SPI license,NOmentioned,NOmentioned,cannot,NOmentioned,must,must,NOmentioned,NOmentioned,NOmentioned,NOmentioned,NOmentioned,NOmentioned,NOmentioned,can,NOmentioned,NOmentioned,NOmentioned,NOmentioned,can,can,NOmentioned,NOmentioned,NOmentioned
Mechanical license,NOmentioned,NOmentioned,cannot,NOmentioned,NOmentioned,NOmentioned,NOmentioned,NOmentioned,NOmentioned,NOmentioned,NOmentioned,NOmentioned,NOmentioned,NOmentioned,NOmentioned,NOmentioned,NOmentioned,NOmentioned,NOmentioned,NOmentioned,NOmentioned,NOmentioned,can
FusionLord Custom License,cannot,can,cannot,cannot,NOmentioned,NOmentioned,NOmentioned,NOmentioned,NOmentioned,NOmentioned,NOmentioned,NOmentioned,NOmentioned,NOmentioned,NOmentioned,NOmentioned,NOmentioned,NOmentioned,NOmentioned,NOmentioned,NOmentioned,NOmentioned,NOmentioned
Sleepycat License,can,can,can,cannot,NOmentioned,must,NOmentioned,cannot,NOmentioned,NOmentioned,NOmentioned,NOmentioned,NOmentioned,must,NOmentioned,NOmentioned,NOmentioned,NOmentioned,NOmentioned,NOmentioned,NOmentioned,NOmentioned,NOmentioned
Getindor Glee License (GGL),can,can,can,cannot,must,NOmentioned,NOmentioned,NOmentioned,NOmentioned,NOmentioned,NOmentioned,NOmentioned,NOmentioned,NOmentioned,NOmentioned,NOmentioned,must,NOmentioned,NOmentioned,NOmentioned,NOmentioned,NOmentioned,NOmentioned
Use use use License,NOmentioned,NOmentioned,can,cannot,NOmentioned,must,NOmentioned,NOmentioned,NOmentioned,NOmentioned,NOmentioned,NOmentioned,NOmentioned,NOmentioned,NOmentioned,NOmentioned,NOmentioned,NOmentioned,NOmentioned,NOmentioned,NOmentioned,NOmentioned,NOmentioned
Mts license,cannot,NOmentioned,NOmentioned,NOmentioned,NOmentioned,NOmentioned,NOmentioned,NOmentioned,NOmentioned,cannot,NOmentioned,NOmentioned,NOmentioned,NOmentioned,NOmentioned,NOmentioned,NOmentioned,NOmentioned,NOmentioned,NOmentioned,NOmentioned,NOmentioned,must
gridSlider license,NOmentioned,NOmentioned,NOmentioned,NOmentioned,NOmentioned,NOmentioned,NOmentioned,NOmentioned,can,NOmentioned,NOmentioned,NOmentioned,NOmentioned,NOmentioned,NOmentioned,NOmentioned,NOmentioned,NOmentioned,NOmentioned,NOmentioned,NOmentioned,NOmentioned,NOmentioned
Jared M.F. Open Source Public License,can,can,cannot,cannot,must,NOmentioned,can,NOmentioned,can,cannot,must,can,NOmentioned,must,must,NOmentioned,NOmentioned,NOmentioned,NOmentioned,NOmentioned,cannot,NOmentioned,NOmentioned
Jared M.F. Public License,can,can,can,cannot,must,NOmentioned,can,NOmentioned,can,cannot,must,can,NOmentioned,must,must,NOmentioned,NOmentioned,NOmentioned,NOmentioned,NOmentioned,cannot,NOmentioned,NOmentioned
3dfx Glide license,can,can,can,cannot,NOmentioned,must,can,NOmentioned,can,must,must,cannot,must,NOmentioned,NOmentioned,NOmentioned,NOmentioned,NOmentioned,NOmentioned,NOmentioned,NOmentioned,NOmentioned,NOmentioned
Abstyles license,can,can,can,cannot,must,NOmentioned,NOmentioned,NOmentioned,can,NOmentioned,NOmentioned,NOmentioned,NOmentioned,NOmentioned,NOmentioned,NOmentioned,NOmentioned,NOmentioned,NOmentioned,NOmentioned,NOmentioned,NOmentioned,NOmentioned
Academy of Motion Picture Arts and Sciences BSD,can,can,can,cannot,must,NOmentioned,NOmentioned,cannot,can,NOmentioned,NOmentioned,NOmentioned,NOmentioned,NOmentioned,NOmentioned,NOmentioned,NOmentioned,NOmentioned,NOmentioned,NOmentioned,NOmentioned,NOmentioned,NOmentioned
Adobe Glyph List,can,can,can,cannot,must,NOmentioned,can,NOmentioned,can,NOmentioned,NOmentioned,NOmentioned,NOmentioned,must,NOmentioned,NOmentioned,NOmentioned,NOmentioned,NOmentioned,NOmentioned,NOmentioned,NOmentioned,NOmentioned
Adobe Postscript AFM,can,can,NOmentioned,cannot,must,NOmentioned,NOmentioned,NOmentioned,can,NOmentioned,must,NOmentioned,NOmentioned,must,NOmentioned,NOmentioned,NOmentioned,NOmentioned,NOmentioned,NOmentioned,NOmentioned,NOmentioned,NOmentioned
Adobe Systems Incorporated Source Code License Agreement,can,can,can,cannot,NOmentioned,NOmentioned,NOmentioned,cannot,can,NOmentioned,NOmentioned,NOmentioned,NOmentioned,NOmentioned,NOmentioned,NOmentioned,NOmentioned,NOmentioned,NOmentioned,NOmentioned,cannot,NOmentioned,NOmentioned
Afmparse license,can,can,can,cannot,must,NOmentioned,NOmentioned,NOmentioned,can,NOmentioned,must,NOmentioned,NOmentioned,NOmentioned,NOmentioned,NOmentioned,NOmentioned,NOmentioned,NOmentioned,NOmentioned,cannot,NOmentioned,NOmentioned
Amazon Digital Services,can,can,can,cannot,must,NOmentioned,NOmentioned,NOmentioned,can,NOmentioned,NOmentioned,NOmentioned,NOmentioned,NOmentioned,NOmentioned,NOmentioned,NOmentioned,NOmentioned,NOmentioned,NOmentioned,NOmentioned,NOmentioned,NOmentioned
ANTLR Software Rights Notice,can,can,can,NOmentioned,NOmentioned,NOmentioned,can,NOmentioned,can,NOmentioned,NOmentioned,NOmentioned,NOmentioned,NOmentioned,NOmentioned,NOmentioned,NOmentioned,NOmentioned,NOmentioned,NOmentioned,NOmentioned,NOmentioned,NOmentioned
Barr license,can,can,can,NOmentioned,NOmentioned,NOmentioned,NOmentioned,NOmentioned,can,NOmentioned,NOmentioned,NOmentioned,NOmentioned,NOmentioned,NOmentioned,NOmentioned,must,NOmentioned,NOmentioned,NOmentioned,NOmentioned,NOmentioned,NOmentioned
Borceux license,can,can,can,NOmentioned,can,NOmentioned,can,NOmentioned,can,NOmentioned,NOmentioned,NOmentioned,NOmentioned,can,NOmentioned,NOmentioned,NOmentioned,NOmentioned,can,NOmentioned,NOmentioned,NOmentioned,NOmentioned
CMU license,can,can,must,cannot,must,must,can,NOmentioned,can,NOmentioned,NOmentioned,NOmentioned,NOmentioned,NOmentioned,NOmentioned,NOmentioned,NOmentioned,NOmentioned,NOmentioned,NOmentioned,NOmentioned,NOmentioned,NOmentioned
Cube license,can,can,can,cannot,must,NOmentioned,NOmentioned,NOmentioned,can,NOmentioned,NOmentioned,NOmentioned,NOmentioned,NOmentioned,NOmentioned,NOmentioned,NOmentioned,cannot,NOmentioned,NOmentioned,cannot,NOmentioned,NOmentioned
curl license,can,can,can,cannot,must,must,can,cannot,can,NOmentioned,NOmentioned,NOmentioned,NOmentioned,NOmentioned,NOmentioned,NOmentioned,NOmentioned,NOmentioned,NOmentioned,NOmentioned,NOmentioned,NOmentioned,NOmentioned
diffmark license,can,can,can,cannot,can,can,can,NOmentioned,can,NOmentioned,NOmentioned,NOmentioned,NOmentioned,can,NOmentioned,NOmentioned,NOmentioned,NOmentioned,NOmentioned,NOmentioned,NOmentioned,NOmentioned,NOmentioned
DOC License,can,can,can,cannot,must,must,NOmentioned,cannot,can,NOmentioned,NOmentioned,NOmentioned,NOmentioned,NOmentioned,NOmentioned,NOmentioned,NOmentioned,NOmentioned,can,NOmentioned,NOmentioned,NOmentioned,NOmentioned
DSDP License,can,can,can,cannot,must,NOmentioned,NOmentioned,NOmentioned,can,NOmentioned,NOmentioned,NOmentioned,NOmentioned,NOmentioned,NOmentioned,NOmentioned,NOmentioned,NOmentioned,NOmentioned,NOmentioned,NOmentioned,NOmentioned,NOmentioned
Eurosym license,can,can,NOmentioned,cannot,must,NOmentioned,NOmentioned,cannot,can,must,NOmentioned,NOmentioned,NOmentioned,NOmentioned,NOmentioned,NOmentioned,must,NOmentioned,NOmentioned,NOmentioned,NOmentioned,NOmentioned,NOmentioned
Giftware license,can,can,can,cannot,can,can,can,NOmentioned,can,NOmentioned,NOmentioned,NOmentioned,NOmentioned,can,NOmentioned,NOmentioned,NOmentioned,NOmentioned,NOmentioned,NOmentioned,NOmentioned,NOmentioned,NOmentioned
Glulxe license,can,can,can,NOmentioned,must,must,NOmentioned,NOmentioned,can,NOmentioned,NOmentioned,can,NOmentioned,NOmentioned,NOmentioned,NOmentioned,NOmentioned,NOmentioned,NOmentioned,NOmentioned,NOmentioned,NOmentioned,NOmentioned
Haskell Language Report,can,can,can,NOmentioned,must,NOmentioned,NOmentioned,NOmentioned,can,NOmentioned,must,NOmentioned,NOmentioned,NOmentioned,NOmentioned,NOmentioned,NOmentioned,NOmentioned,NOmentioned,NOmentioned,NOmentioned,NOmentioned,NOmentioned
No Limit Public license,can,can,can,NOmentioned,can,can,can,NOmentioned,can,NOmentioned,NOmentioned,NOmentioned,NOmentioned,can,NOmentioned,NOmentioned,NOmentioned,NOmentioned,NOmentioned,NOmentioned,NOmentioned,NOmentioned,NOmentioned
psutils license,can,can,can,cannot,NOmentioned,NOmentioned,NOmentioned,NOmentioned,can,NOmentioned,NOmentioned,NOmentioned,must,must,NOmentioned,NOmentioned,NOmentioned,NOmentioned,NOmentioned,NOmentioned,NOmentioned,NOmentioned,NOmentioned
BSD 0-Clause License (BSD),can,can,can,cannot,can,can,can,NOmentioned,can,NOmentioned,NOmentioned,NOmentioned,NOmentioned,can,NOmentioned,NOmentioned,NOmentioned,NOmentioned,NOmentioned,NOmentioned,NOmentioned,NOmentioned,NOmentioned
Wizardry license,can,can,cannot,cannot,NOmentioned,must,NOmentioned,NOmentioned,can,NOmentioned,NOmentioned,NOmentioned,NOmentioned,NOmentioned,must,NOmentioned,NOmentioned,NOmentioned,NOmentioned,NOmentioned,NOmentioned,NOmentioned,NOmentioned
XSkat license,can,can,can,NOmentioned,must,NOmentioned,NOmentioned,NOmentioned,can,NOmentioned,must,NOmentioned,NOmentioned,NOmentioned,NOmentioned,NOmentioned,can,NOmentioned,NOmentioned,NOmentioned,NOmentioned,NOmentioned,NOmentioned
Zed license,can,can,NOmentioned,NOmentioned,NOmentioned,NOmentioned,NOmentioned,NOmentioned,can,NOmentioned,NOmentioned,NOmentioned,NOmentioned,NOmentioned,NOmentioned,NOmentioned,must,NOmentioned,NOmentioned,NOmentioned,NOmentioned,NOmentioned,NOmentioned
Sendmail license,can,can,can,cannot,NOmentioned,must,NOmentioned,NOmentioned,can,must,NOmentioned,can,must,NOmentioned,NOmentioned,NOmentioned,NOmentioned,NOmentioned,NOmentioned,NOmentioned,NOmentioned,NOmentioned,NOmentioned
TORQUE Software License v1.1,can,can,cannot,cannot,must,NOmentioned,NOmentioned,NOmentioned,can,must,NOmentioned,NOmentioned,NOmentioned,NOmentioned,NOmentioned,NOmentioned,NOmentioned,NOmentioned,NOmentioned,NOmentioned,NOmentioned,NOmentioned,NOmentioned
SYCL license,can,can,cannot,cannot,NOmentioned,NOmentioned,can,cannot,cannot,NOmentioned,must,NOmentioned,NOmentioned,NOmentioned,must,cannot,must,NOmentioned,NOmentioned,NOmentioned,NOmentioned,can,NOmentioned
Code Energy Public License (CEPL-1.0),can,can,can,cannot,must,NOmentioned,can,cannot,can,must,NOmentioned,NOmentioned,must,NOmentioned,must,NOmentioned,can,NOmentioned,NOmentioned,NOmentioned,NOmentioned,NOmentioned,NOmentioned
Simple Non Code License (SNCL),can,can,NOmentioned,cannot,must,must,NOmentioned,cannot,NOmentioned,NOmentioned,must,NOmentioned,NOmentioned,NOmentioned,must,NOmentioned,NOmentioned,NOmentioned,NOmentioned,NOmentioned,NOmentioned,NOmentioned,NOmentioned
Dell Mohali,NOmentioned,NOmentioned,can,NOmentioned,NOmentioned,NOmentioned,NOmentioned,NOmentioned,NOmentioned,NOmentioned,NOmentioned,NOmentioned,NOmentioned,NOmentioned,NOmentioned,NOmentioned,NOmentioned,NOmentioned,NOmentioned,NOmentioned,NOmentioned,NOmentioned,NOmentioned
